旧URL,新URL（gourmet.oshikatsu-guide.com）,タイトル,備考
https://oshikatsu-guide.com/2025/05/18/静岡エコパアリーナ攻略ガイド｜アクセス・座席/,/guide/shizuoka-ecopa-arena/,静岡エコパアリーナ攻略ガイド｜アクセス・座席・痛バスポット完全まとめ,
https://oshikatsu-guide.com/2025/05/18/北海きたえーる攻略ガイド｜アクセス・座席・痛/,/guide/hokkai-kitaeru/,北海きたえーる攻略ガイド｜アクセス・座席・痛バスポット完全まとめ,
https://oshikatsu-guide.com/2025/05/18/ぴあアリーナmm攻略ガイド｜アクセス・座席・痛バ/,/guide/pia-arena-mm/,ぴあアリーナMM攻略ガイド｜アクセス・座席・痛バ撮影スポットまとめ,
https://oshikatsu-guide.com/2025/05/18/aichi-sky-expo攻略ガイド｜アクセス・座席・痛バスポット/,/guide/aichi-sky-expo/,Aichi Sky Expo攻略ガイド｜アクセス・座席・痛バスポット完全まとめ,
https://oshikatsu-guide.com/2025/05/18/神戸ワールド記念ホール攻略ガイド｜アクセス・/,/guide/kobe-world-kinen-hall/,神戸ワールド記念ホール攻略ガイド｜アクセス・座席・痛バスポット完全まとめ,
https://oshikatsu-guide.com/2025/05/18/代々木第一体育館攻略ガイド｜アクセス・座席・/,/guide/yoyogi-national-gymnasium/,代々木第一体育館攻略ガイド｜アクセス・座席・痛バスポット完全まとめ,
https://oshikatsu-guide.com/2025/05/18/有明アリーナ攻略ガイド｜アクセス・座席・痛バ/,/guide/ariake-arena/,有明アリーナ攻略ガイド｜アクセス・座席・痛バスポット完全まとめ,
https://oshikatsu-guide.com/2025/05/17/大阪城ホール攻略ガイド｜アクセス・座席・痛バ/,/guide/osaka-jo-hall/,大阪城ホール攻略ガイド｜アクセス・座席・痛バスポット完全まとめ,
https://oshikatsu-guide.com/2025/05/17/マリンメッセ福岡攻略ガイド｜アクセス・座席・/,/guide/marine-messe-fukuoka/,マリンメッセ福岡攻略ガイド｜アクセス・座席・痛バスポット完全まとめ,
https://oshikatsu-guide.com/2025/05/17/さいたまスーパーアリーナ攻略ガイド｜アクセス/,/guide/saitama-super-arena/,さいたまスーパーアリーナ攻略ガイド｜アクセス・座席・痛バスポット完全まとめ,
https://oshikatsu-guide.com/2025/05/17/札幌ドーム攻略ガイド｜アクセス・座席・痛バス/,/guide/sapporo-dome/,札幌ドーム攻略ガイド｜アクセス・座席・痛バスポット完全まとめ,
https://oshikatsu-guide.com/2025/05/17/横浜アリーナ攻略ガイド｜アクセス・座席・痛バ/,/guide/yokohama-arena/,横浜アリーナ攻略ガイド｜アクセス・座席・痛バスポット完全まとめ,
https://oshikatsu-guide.com/2025/05/17/日産スタジアム攻略ガイド｜アクセス・座席・痛/,/guide/nissan-stadium/,日産スタジアム攻略ガイド｜アクセス・座席・痛バスポット完全まとめ,
https://oshikatsu-guide.com/2025/05/17/キューアンドエースタジアムみやぎ攻略ガイド｜/,/guide/qa-stadium-miyagi/,キューアンドエースタジアムみやぎ攻略ガイド｜アクセス・座席・痛バスポット完全まとめ,
https://oshikatsu-guide.com/2025/05/18/asueアリーナ大阪攻略ガイド｜アクセス・座席・痛/,/guide/asue-arena-osaka/,Asueアリーナ大阪攻略ガイド｜アクセス・座席・痛バスポット完全まとめ,
https://oshikatsu-guide.com/2025/05/17/日本ガイシホール攻略ガイド｜アクセス・座席・/,/guide/nippon-gaishi-hall/,日本ガイシホール攻略ガイド｜アクセス・座席・痛バスポット完全まとめ,
https://oshikatsu-guide.com/2025/07/04/timelesz-fam-千葉公演レポ｜セットリスト・演出・mc・関係/,/guide/,timelesz FAM 千葉公演レポ｜セットリスト・演出・MC・関係者情報まとめ,移さない（ライブレポート）
https://oshikatsu-guide.com/2025/06/14/橋本将生の魅力を徹底解剖｜飾らない実力派/,/guide/hashimoto-shosei/,橋本将生の魅力を徹底解剖｜“飾らない実力派”がtimeleszで見せる素顔と成長,
https://oshikatsu-guide.com/2025/06/13/猪俣周杜の魅力を徹底解剖｜地下アイドル出身の/,/guide/inomata-shuto/,猪俣周杜の魅力を徹底解剖｜地下アイドル出身の“天然癒し系”がtimeleszで開花するまで,
https://oshikatsu-guide.com/2025/06/09/篠塚大輝（timelesz）完全ガイド｜オーディションで輝/,/guide/shinozuka-taiki/,篠塚大輝（timelesz）完全ガイド｜オーディションで輝いた理由と話題の私服まで,
https://oshikatsu-guide.com/2025/06/03/timeleszアリーナツアー完全ガイド｜日程・会場・参戦/,/guide/timelesz-arena-tour-guide/,timeleszアリーナツアー完全ガイド｜日程・会場・参戦準備・見どころまで徹底解説！,
https://oshikatsu-guide.com/2025/06/02/寺西拓人の魅力を徹底解剖｜国民の元カレと/,/guide/teranishi-takuto/,寺西拓人の魅力を徹底解剖｜“国民の元カレ”と呼ばれる理由と推し方ガイド,
https://oshikatsu-guide.com/2025/06/02/【最新版】ライブ遠征の交通手段ガイド｜新幹線/,/guide/live-ensei-transport/,【最新版】ライブ遠征の交通手段ガイド｜新幹線・飛行機・夜行バスを徹底比較＆節約術も紹介！,
https://oshikatsu-guide.com/2025/05/30/遠征wi-fiおすすめ3選｜ライブ前にチェック！容量・/,/guide/ensei-wifi/,遠征Wi-Fiおすすめ3選｜ライブ前にチェック！容量・価格・契約期間で徹底比較◎,
https://oshikatsu-guide.com/2025/05/28/【保存版】ライブ遠征の準備はこれでok！交通・節/,/guide/live-ensei-checklist/,【保存版】ライブ遠征の準備はこれでOK！交通・節約・持ち物チェックリスト,
https://oshikatsu-guide.com/2025/05/26/star-song-specialとは？ジャニーズjr-出演の最新音楽番組を紹介/,/guide/star-song-special/,Star Song Specialとは？ジャニーズJr.出演の最新音楽番組を紹介,
https://oshikatsu-guide.com/2025/05/24/少年忍者（shonen-ninja）とは？再編後のメンバー・特徴/,/guide/shonen-ninja-profile/,少年忍者（Shonen Ninja）とは？再編後のメンバー・特徴・最新活動を徹底解説,
https://oshikatsu-guide.com/2025/05/24/bzai（バンザイ）とは？メンバー・魅力を紹介｜再/,/guide/bandzai-profile/,B&ZAI（バンザイ）とは？メンバー・魅力を紹介｜再編から生まれた“最強バンド系ジュニア”,
https://oshikatsu-guide.com/2025/05/24/key-to-lit（キテレツ）とは？実力派5人jr-グループを徹底/,/guide/key-to-lit-profile/,KEY TO LIT（キテレツ）とは？実力派5人Jr.グループを徹底紹介｜魅力・活動まとめ,
https://oshikatsu-guide.com/2025/05/21/aceesとは？読み方・メンバー・経歴・魅力を完全網/,/guide/acees-profile/,ACEesとは？読み方・メンバー・経歴・魅力を完全網羅｜今注目の最強ジュニア5人組,
https://oshikatsu-guide.com/2025/05/21/acees-2025-prologue-福岡公演レポ｜セットリスト・演出・mcまと/,/guide/,ACEes 2025 PROLOGUE 福岡公演レポ｜セットリスト・演出・MCまとめ,移さない（ライブレポート）
https://oshikatsu-guide.com/2025/05/21/中島健人「n-bias」名古屋公演レポ｜セットリスト・/,/guide/,中島健人「N / bias」名古屋公演レポ｜セットリスト・演出・感動MCまとめ,移さない（ライブレポート）
https://oshikatsu-guide.com/2025/05/20/中島健人-n-bias-福岡公演レポ｜セットリスト・mc/,/guide/,中島健人 “N / bias” 福岡公演レポ｜セットリスト・MC・演出まとめ,移さない（ライブレポート）
https://oshikatsu-guide.com/2025/05/20/sixtones「young-old」福岡公演レポ｜演出・セトリ・mcまとめ/,/guide/,SixTONES「YOUNG OLD」福岡公演レポ｜演出・セトリ・MCまとめ,移さない（ライブレポート）
https://oshikatsu-guide.com/2025/05/19/sixtones「young-old」東京ドームレポ｜演出・セトリ・mcまとめ/,/guide/,SixTONES「YOUNG OLD」東京ドームレポ｜演出・セトリ・MCまとめ,移さない（ライブレポート）
https://oshikatsu-guide.com/2025/05/18/ゼビオアリーナ仙台-攻略ガイド｜アクセス・座席/,/guide/xebio-arena-sendai/,ゼビオアリーナ仙台 攻略ガイド｜アクセス・座席・痛バ撮影スポットまとめ,
https://oshikatsu-guide.com/2025/05/18/武蔵野の森総合スポーツプラザ攻略ガイド｜アク/,/guide/musashino-forest-sport-plaza/,武蔵野の森総合スポーツプラザ攻略ガイド｜アクセス・座席・痛バ撮影スポットまとめ,
https://oshikatsu-guide.com/2025/05/17/推し活費用を賢く節約！無理せず楽しむ７つの方/,/guide/oshikatsu-saving-tips/,推し活費用を賢く節約！無理せず楽しむ７つの方法,
https://oshikatsu-guide.com/2025/05/17/【最新版】初心者向け痛バの作り方｜おすすめグ/,/guide/itabag-guide/,【最新版】初心者向け痛バの作り方｜おすすめグッズ・配置のコツも解説,
https://oshikatsu-guide.com/2025/05/17/男子の推しバレエピソード集｜バレた時の周/,/guide/oshibare-episodes/,男子の“推しバレ”エピソード集｜バレた時の周囲の反応と対処法,
https://oshikatsu-guide.com/2025/05/16/社会人男子の推し活ライフ｜時間・お金・周囲と/,/guide/working-men-oshikatsu/,社会人男子の推し活ライフ｜時間・お金・周囲との付き合い方,
https://oshikatsu-guide.com/2025/05/16/男が推し活して何が悪い？男子のための推し活入/,/guide/oshikatsu-for-men/,男が推し活して何が悪い？男子のための推し活入門ガイド,
https://oshikatsu-guide.com/2025/05/15/推しができたら最初にやるべき7つのこと｜初心者/,/guide/first-steps-new-oshi/,推しができたら最初にやるべき7つのこと｜初心者向け応援マナー＆準備ガイド,
https://oshikatsu-guide.com/2025/05/15/女子ひとりでも安心！ぼっち推し活を楽しむ/,/guide/solo-oshikatsu/,女子ひとりでも安心！“ぼっち推し活”を楽しむコツ,
https://oshikatsu-guide.com/2025/05/15/推し活に必要な持ち物リスト【初心者編】｜イベ/,/guide/oshikatsu-items-checklist/,推し活に必要な持ち物リスト【初心者編】｜イベント・カフェ・グッズ巡りで役立つアイテム完全ガイド,
https://oshikatsu-guide.com/2025/05/15/snsで推し活を楽しむコツ｜痛くならない発信術/,/guide/sns-oshikatsu-tips/,SNSで推し活を楽しむコツ｜痛くならない発信術,
https://oshikatsu-guide.com/2025/05/12/hello-world/,/guide/what-is-oshikatsu/,推し活とは？初心者でも始められる5つのステップ,
